"","DET","A1","A2a","A2b","A3a","A3b","A4","NAA"
"1","Recruits Per Spawner (R/S)",0.816745872315381,0.849218201110116,0.848860562173495,0.546459019439259,0.381387803446553,0.830585498555858,0.305386425167645
"2","Geomean Spawners (NOR)",740.991957007391,787.590927392022,787.431250590615,373.7718741618,234.673432632618,759.957348764733,118.241142170074
"3","QET Threshold",0.25,0.2475,0.2475,0.2982,0.3914,0.2492,0.5704
"4","SAR",0.0583984241624713,0.0583984241624713,0.0583984241624713,0.0583984241624713,0.0583984241624713,0.0583984241624713,0.0583984241624713
"5","Marine Survival",0.0286475483333333,0.0286475483333333,0.0286475483333333,0.0286475483333333,0.0286475483333333,0.0286475483333333,0.0286475483333333
"6","DPS",0.966161330935876,0.972447201590572,0.972447201590572,0.815478090753756,0.681481124493696,0.972447201673338,0.468726428360197
"7","DPE",0.906064136491229,0.938388694488194,0.938388694488194,0.655939467360297,0.705602259011067,0.912127353672597,0.594614784683759
"8","DPS*DPE",0.875409797121069,0.912255486520665,0.912255665487331,0.53265003815763,0.483348380652782,0.886681850781163,0.281975032264658
