"","FOS","A1","A2a","A2b","A3a","A3b","A4","NAA"
"1","Recruits Per Spawner (R/S)",0.691329553722513,0.691329553722513,0.691329553722513,0.305237559976481,0.3074166648137,0.60881885837651,0.306021827794681
"2","Geomean Spawners (NOR)",333.49443952005,333.502153319977,333.534956352315,62.2274744186974,63.1524180410448,265.155606152784,62.490364698724
"3","QET Threshold",0.4356,0.4356,0.4356,0.7855,0.7816,0.4615,0.7846
"4","SAR",0.0516800213827179,0.0516800213827179,0.0516800213827179,0.0516800213827179,0.0516800213827179,0.0516800213827179,0.0516800213827179
"5","Marine Survival",0.0286475483333333,0.0286475483333333,0.0286475483333333,0.0286475483333333,0.0286475483333333,0.0286475483333333,0.0286475483333333
"6","DPS",0.98,0.98,0.98,0.694922627488441,0.70181881906835,0.834110065052985,0.697450028503479
"7","DPE",0.7576,0.7576,0.7576,0.387804017282745,0.388232187187643,0.7576,0.387830476533153
"8","DPS*DPE",0.742448,0.742448,0.742448,0.269571561438942,0.272352518009589,0.631921785284141,0.27047621000448
