"","GP","A1","A2a","A2b","A3a","A3b"
"1","Recruits Per Spawner (R/S)",0.764200239715272,0.397177935987421,0.394232227372532,0.396780767173631,0.293196894033545
"2","Geomean Spawners (NOR)",313.339592556376,100.261177734271,98.5065557767912,100.095319737901,54.483893036393
"3","QET Threshold",0.4354,0.7186,0.7252,0.7205,0.8867
"4","SAR",0.0599488248039528,0.0599488248039528,0.0599488248039528,0.0599488248039528,0.0599488248039528
"5","Marine Survival",0.0286475483333333,0.0286475483333333,0.0286475483333333,0.0286475483333333,0.0286475483333333
"6","DPS",0.9508297875138,0.686682928796769,0.684536274047115,0.686796108559598,0.938531337158014
"7","DPE",0.89698,0.539092807547266,0.538432095503025,0.539548501800756,0.291890388837335
"8","DPS*DPE",0.852841109573723,0.371095052771607,0.369132903622049,0.369660253350921,0.278953972118439
