"","","Mean","SD","CV",".0275","Median",".0975"
"1","Recruits Per Spawner (R/S)",0.608505849138046,0.317675310365211,NA,0.183709940395288,0.546459019439259,1.38965367291704
"2","Geomean Spawners (NOR)",416.724960187832,315.494841400998,NA,7.26640443333657,373.7718741618,1097.48658064373
"3","QET Threshold -100 (Mean not median)",0.2982,0.457490644460602,1.53417385801677,0,0.2982,1
"4","SAR",0.0583555019197786,0.0149547190521719,0.256269221584799,0.0296437394332335,0.0583984241624713,0.0879929082177584
"5","First 5 Years Average Marine Survival",0.0293148497548333,0.00701721556492994,0.239374092776067,0.0184685715416667,0.0286475483333333,0.045084876625
"6","DPS",0.809792453641807,0.0166509605048292,0.0205620099692783,0.809323292795025,0.815478090753756,0.822970411738889
"7","DPE",0.647175644516055,0.0233826544977615,0.0361303066577029,0.646043855655874,0.655939467360297,0.664503188668428
"8","DPE*DPS",0.52419011669146,0.0237514627352863,0.0453107793889722,0.520393120860407,0.53265003815763,0.542174972125998
