"","","Mean","SD","CV",".0275","Median",".0975"
"1","Recruits Per Spawner (R/S)",0.924557137223641,0.479831979128036,NA,0.281493281023511,0.830585498555858,2.10088846705707
"2","Geomean Spawners (NOR)",811.742137366531,594.366198869897,NA,22.5161501070616,759.957348764733,1908.36839882712
"3","QET Threshold -100 (Mean not median)",0.2492,0.432571464393088,1.73584054732379,0,0.2492,1
"4","SAR",0.0583555019197786,0.0149547190521719,0.256269221584799,0.0296437394332335,0.0583984241624713,0.0879929082177584
"5","First 5 Years Average Marine Survival",0.0293148497548333,0.00701721556492994,0.239374092776067,0.0184685715416667,0.0286475483333333,0.045084876625
"6","DPS",0.971492472508694,0.00485693718463945,0.00499945941124725,0.967378159030425,0.972447201673338,0.978262655421497
"7","DPE",0.911918086302039,0.00149544293883671,0.00163988735534454,0.912108651961609,0.912127353672597,0.91213
"8","DPE*DPS",0.885924883866886,0.00523777142627487,0.005912207142679,0.882374591176926,0.886681850781163,0.892296430217695
