"","","Mean","SD","CV",".0275","Median",".0975"
"1","Recruits Per Spawner (R/S)",0.945519582586909,0.490682614832561,NA,0.288417887631903,0.849218201110116,2.15056108049948
"2","Geomean Spawners (NOR)",836.772251604123,573.779580330272,NA,24.013301759857,787.590927392022,1965.75323085029
"3","QET Threshold -100 (Mean not median)",0.2475,0.431581251026529,1.74376263041022,0,0.2475,1
"4","SAR",0.0583555019197786,0.0149547190521719,0.256269221584799,0.0296437394332335,0.0583984241624713,0.0879929082177584
"5","First 5 Years Average Marine Survival",0.0293148497548333,0.00701721556492994,0.239374092776067,0.0184685715416667,0.0286475483333333,0.045084876625
"6","DPS",0.971507560040209,0.00485993438777726,0.00500246687486006,0.967385490419048,0.972447201590572,0.978334726644184
"7","DPE",0.938163318353788,0.00156447674094078,0.00166759530066257,0.938373887392319,0.938388694488194,0.93839
"8","DPE*DPS",0.911436262492231,0.005411458108337,0.00593728638088187,0.90778481928907,0.912255486520665,0.918059524135636
