"","DET","A1","A2a","A2b","A3a","A3b","A4","NAA"
"1","Recruits Per Spawner (R/S)",0.818445850061628,0.849550532529107,0.849994964836244,0.54744887914317,0.384821711780883,0.83149020537592,0.306036758634484
"2","Geomean Spawners (NOR)",746.977429454332,794.661521039837,794.640167055781,375.195944062259,239.998738101495,766.164251944758,118.669370832541
"3","QET Threshold",0.2592,0.2574,0.2574,0.3082,0.3975,0.2584,0.5732
"4","SAR",0.0581960618568248,0.0581960618568248,0.0581960618568248,0.0581960618568248,0.0581960618568248,0.0581960618568248,0.0581960618568248
"5","Marine Survival",0.0286475483333333,0.0286475483333333,0.0286475483333333,0.0286475483333333,0.0286475483333333,0.0286475483333333,0.0286475483333333
"6","DPS",0.966161330935876,0.972447201590572,0.972447201590572,0.815478090753756,0.681481124493696,0.972447201673338,0.468726428360197
"7","DPE",0.906064136491229,0.938388694488194,0.938388694488194,0.655939467360297,0.705602259011067,0.912127353672597,0.594614784683759
"8","DPS*DPE",0.875409797121069,0.912255486520665,0.912255665487331,0.53265003815763,0.483348380652782,0.886681850781163,0.281975032264658
