"","","Mean","SD","CV",".0275","Median",".0975"
"1","Recruits Per Spawner (R/S)",0.343547070591012,0.184197664881079,NA,0.0985523662255747,0.305386425167645,0.796316952139145
"2","Geomean Spawners (NOR)",149.704212646931,131.868948245657,NA,1.68372269910643,118.241142170074,474.537194742434
"3","QET Threshold -100 (Mean not median)",0.5704,0.495043782745207,0.867888819679535,0,0.5704,1
"4","SAR",0.0583555019197786,0.0149547190521719,0.256269221584799,0.0296437394332335,0.0583984241624713,0.0879929082177584
"5","First 5 Years Average Marine Survival",0.0293148497548333,0.00701721556492994,0.239374092776067,0.0184685715416667,0.0286475483333333,0.045084876625
"6","DPS",0.472746293867386,0.019612729357719,0.0414867966436576,0.465779319260271,0.468726428360197,0.519737389938944
"7","DPE",0.559314874024651,0.116457372088794,0.20821433059844,0.530723731129854,0.594614784683759,0.67074317924825
"8","DPE*DPS",0.265349634980697,0.0587832883244775,0.221531445968462,0.241648122473057,0.281975032264658,0.326369955506802
