"","","Mean","SD","CV",".0275","Median",".0975"
"1","Recruits Per Spawner (R/S)",0.768330153869169,0.399900165063409,NA,0.232587976169379,0.691329553722513,1.72978394964367
"2","Geomean Spawners (NOR)",378.526931869475,413.80561740969,NA,5.84413320716847,333.49443952005,999.857933644483
"3","QET Threshold -100 (Mean not median)",0.4356,0.495860088858513,1.13833812869264,0,0.4356,1
"4","SAR",0.0516420370971492,0.0132342646479397,0.256269221584799,0.0262333977285252,0.0516800213827179,0.0778698302812022
"5","First 5 Years Average Marine Survival",0.0293148497548333,0.00701721556492994,0.239374092776067,0.0184685715416667,0.0286475483333333,0.045084876625
"6","DPS",0.98,6.30908704511614e-16,6.4378439235879e-16,0.98,0.98,0.980000000000001
"7","DPE",0.7576329688,0.000279353282180134,0.000368718487294179,0.7576,0.7576,0.7576
"8","DPE*DPS",0.742480309424,0.000273766216536526,0.000368718487294172,0.742448,0.742448,0.742448000000001
