"","","Mean","SD","CV",".0275","Median",".0975"
"1","Recruits Per Spawner (R/S)",0.768331488729746,0.399901097285087,NA,0.232587976169379,0.691329553722513,1.72993653218591
"2","Geomean Spawners (NOR)",378.509980938197,413.648236479237,NA,5.8432024795527,333.502153319977,999.857933644488
"3","QET Threshold -100 (Mean not median)",0.4356,0.495860088858513,1.13833812869264,0,0.4356,1
"4","SAR",0.0516420370971492,0.0132342646479397,0.256269221584799,0.0262333977285252,0.0516800213827179,0.0778698302812022
"5","First 5 Years Average Marine Survival",0.0293148497548333,0.00701721556492994,0.239374092776067,0.0184685715416667,0.0286475483333333,0.045084876625
"6","DPS",0.98,5.726582514727e-16,5.8434515456398e-16,0.98,0.98,0.980000000000001
"7","DPE",0.757632868,0.000278931841816186,0.000368162277004311,0.7576,0.7576,0.7576
"8","DPE*DPS",0.74248021064,0.000273353204979867,0.000368162277004317,0.742448,0.742448,0.742448000000001
