"","","Mean","SD","CV",".0275","Median",".0975"
"1","Recruits Per Spawner (R/S)",0.341836290621893,0.178701995321396,NA,0.102364821333255,0.3074166648137,0.773816692252494
"2","Geomean Spawners (NOR)",85.7185882219076,96.3181076508276,NA,0.712868711449052,63.1524180410448,296.011575800868
"3","QET Threshold -100 (Mean not median)",0.7816,0.413180967435802,0.528634809922981,0,0.7816,1
"4","SAR",0.0516420370971492,0.0132342646479397,0.256269221584799,0.0262333977285252,0.0516800213827179,0.0778698302812022
"5","First 5 Years Average Marine Survival",0.0293148497548333,0.00701721556492994,0.239374092776067,0.0184685715416667,0.0286475483333333,0.045084876625
"6","DPS",0.701381864413622,0.0045176256525524,0.00644103573497624,0.698566086060019,0.70181881906835,0.709285537813233
"7","DPE",0.38838746569911,0.000940909241660239,0.00242260455024358,0.387991059595195,0.388232187187643,0.392562216057002
"8","DPE*DPS",0.27240790376873,0.00187097491027355,0.00686828423253819,0.271445594686531,0.272352518009589,0.277196629139631
