"","","Mean","SD","CV",".0275","Median",".0975"
"1","Recruits Per Spawner (R/S)",0.676684718792477,0.351587338799308,NA,0.203800597124007,0.60881885837651,1.52770699642406
"2","Geomean Spawners (NOR)",304.940928247345,259.629529587778,NA,4.09443960294663,265.155606152784,841.298419054164
"3","QET Threshold -100 (Mean not median)",0.4615,0.498540474044411,1.08026104885029,0,0.4615,1
"4","SAR",0.0516420370971492,0.0132342646479397,0.256269221584799,0.0262333977285252,0.0516800213827179,0.0778698302812022
"5","First 5 Years Average Marine Survival",0.0293148497548333,0.00701721556492994,0.239374092776067,0.0184685715416667,0.0286475483333333,0.045084876625
"6","DPS",0.837246491762473,0.0309782572515744,0.0370001636989397,0.809294283403158,0.834110065052985,0.915077744097066
"7","DPE",0.7576328656,0.000278921799316596,0.000368149023070306,0.7576,0.7576,0.7576
"8","DPE*DPS",0.634326464231742,0.0234985251589962,0.0370448443885377,0.613121349106233,0.631921785284141,0.693262898927937
