"","FOS","A1","A2a","A2b","A3a","A3b","A4","NAA"
"1","Recruits Per Spawner (R/S)",1.20505061120327,1.20505133131556,1.20505147818014,0.484801601468415,0.489129663584792,1.05686107561128,0.486176807373907
"2","Geomean Spawners (NOR)",154.923974332842,154.923931052494,154.923862979819,13.0467083360434,13.3588827305967,150.9751546315,13.1447937735659
"3","QET Threshold",0.9621,0.962,0.962,0.9999,0.9999,0.9882,0.9999
"4","SAR",0.036096883341202,0.036096883341202,0.036096883341202,0.036096883341202,0.036096883341202,0.036096883341202,0.036096883341202
"5","Marine Survival",0.0423531077553607,0.0423531077553607,0.0423531077553607,0.0423531077553607,0.0423531077553607,0.0423531077553607,0.0423531077553607
"6","DPS",0.98,0.98,0.98,0.69591359821971,0.701379879882822,0.83723296020577,0.697924191038195
"7","DPE",0.757632724,0.7576321336,0.757632856,0.387824417340693,0.388385956971881,0.7576326856,0.387851971882438
"8","DPS*DPE",0.74248006952,0.742479490928,0.74248019888,0.269892887197822,0.272406069972293,0.634316056513237,0.270691670539744
