"","","Mean","SD","CV",".0275","Median",".0975"
"1","Recruits Per Spawner (R/S)",3.24093931704183,2.4858459820207,0.767014047115717,0.762514559738132,2.57968745829479,10.441961433707
"2","Geomean Spawners (NOR)",404.063674777911,337.624919559924,0.835573550989199,81.6561446057145,311.640627479563,1253.32760999069
"3","QET Threshold -100 (Mean not median)",0.436,0.496135213576047,1.13792480177993,0,0.436,1
"4","SAR",0.041883894928275,0.00666112466252075,0.159037851516143,0.0288581659708745,0.0420675892634129,0.0546919884898932
"5","Last 15 years Average Marine Survival",0.04154538592051,0.0202425912379278,0.48724041886766,0.0148498208620609,0.0373992407705348,0.0911978117559791
"6","First 5 Years Average Marine Survival",0.0438974204552467,0.0323652384119765,0.73729248954327,0.0100559964122246,0.0350662691985902,0.135224866034229
"7","DPS",0.840557780449613,0.156465489434434,0.186144835100737,0.670820393249937,0.936047623374246,1
"8","DPE",0.732697410746075,0.202908250333597,0.276933216028407,0.670820393249937,0.888317631893872,0.89698
"9","DPE*DPS",0.624394242045186,0.239999313372476,0.38437143908689,0.45,0.826220863395338,0.87636951407481
