"","","Mean","SD","CV",".0275","Median",".0975"
"1","Recruits Per Spawner (R/S)",1.90682248406538,1.48745734401434,0.780071221335218,0.423935224818443,1.49486000964495,6.0958257029806
"2","Geomean Spawners (NOR)",113.438518167038,96.8633428862287,0.853884063820345,32.2795387277365,86.348197261307,346.771217577387
"3","QET Threshold -100 (Mean not median)",0.937,0.243084532807191,0.259428530210449,0,0.937,1
"4","SAR",0.041883894928275,0.00666112466252075,0.159037851516143,0.0288581659708745,0.0420675892634129,0.0546919884898932
"5","Last 15 years Average Marine Survival",0.04154538592051,0.0202425912379278,0.48724041886766,0.0148498208620609,0.0373992407705348,0.0911978117559791
"6","First 5 Years Average Marine Survival",0.0438974204552467,0.0323652384119765,0.73729248954327,0.0100559964122246,0.0350662691985902,0.135224866034229
"7","DPS",0.706321730036808,0.110648698337263,0.156654812717566,0.670820393249937,0.678684573418323,1
"8","DPE",0.553952497777552,0.116616882857473,0.21051783921065,0.529883628394413,0.547642774413725,0.670820393249937
"9","DPE*DPS",0.381232665302822,0.0614939866024707,0.161303036699713,0.3613272911178,0.378798896778652,0.45
