"","","Mean","SD","CV",".0275","Median",".0975"
"1","Recruits Per Spawner (R/S)",0.439860327958289,0.230449798691887,NA,0.134587095519601,0.394232227372532,0.996026693941035
"2","Geomean Spawners (NOR)",110.846986455232,78.3812927767475,NA,3.02010401108868,98.5065557767912,291.240332162574
"3","QET Threshold -100 (Mean not median)",0.7252,0.446435763004095,0.615603644517506,0,0.7252,1
"4","SAR",0.0599047630326931,0.0153517469916101,0.256269221584799,0.0304307413650893,0.0599488248039528,0.0903290031261945
"5","First 5 Years Average Marine Survival",0.0293148497548333,0.00701721556492994,0.239374092776067,0.0184685715416667,0.0286475483333333,0.045084876625
"6","DPS",0.683098096084981,0.0218059291682912,0.0319221050289363,0.677040247069242,0.684536274047115,0.7120691313618
"7","DPE",0.543460505627608,0.0211426020931791,0.0389036588201801,0.533237610204405,0.538432095503025,0.591718533248061
"8","DPE*DPS",0.371377347631091,0.0202727082823009,0.0545878966814069,0.364563771988569,0.369132903622049,0.412395263548386
