"","","Mean","SD","CV",".0275","Median",".0975"
"1","Recruits Per Spawner (R/S)",0.443291938039822,0.231994287297056,NA,0.13513483723975,0.396780767173631,0.999199095916058
"2","Geomean Spawners (NOR)",112.605652926251,80.1524646971117,NA,3.10293502239011,100.095319737901,295.976023535735
"3","QET Threshold -100 (Mean not median)",0.7205,0.448775990878522,0.622867440497601,0,0.7205,1
"4","SAR",0.0599047630326931,0.0153517469916101,0.256269221584799,0.0304307413650893,0.0599488248039528,0.0903290031261945
"5","First 5 Years Average Marine Survival",0.0293148497548333,0.00701721556492994,0.239374092776067,0.0184685715416667,0.0286475483333333,0.045084876625
"6","DPS",0.686686452320366,0.0120468651406576,0.0175434728615226,0.678483511660641,0.686796108559598,0.712656539287249
"7","DPE",0.545864356863412,0.0222224342867709,0.0407105428433962,0.532632253903639,0.539548501800756,0.595997677082312
"8","DPE*DPS",0.374839418531152,0.0167559836278709,0.0447017650745779,0.36561667614142,0.369660253350921,0.414301553532037
