"","SS","A1","A2a","A2b","A3a","A3b","A4","NAA"
"1","Recruits Per Spawner (R/S)",0.731220534601759,0.555599938439038,0.554617363498905,0.353544946283153,0.302879886262287,0.610312516008848,0.305653682252544
"2","Geomean Spawners (NOR)",645.526226876299,450.188959515951,449.58433778498,165.515417833167,118.543727547145,267.159049775336,62.7048668047869
"3","QET Threshold",0.2368,0.2772,0.2777,0.4643,0.5638,0.4658,0.78
"4","SAR",0.0556210148720095,0.0556210148720095,0.0556210148720095,0.0556210148720095,0.0556210148720095,0.0515009396963051,0.0515009396963051
"5","Marine Survival",0.0286475483333333,0.0286475483333333,0.0286475483333333,0.0286475483333333,0.0286475483333333,0.0286475483333333,0.0286475483333333
"6","DPS",0.9654148937569,0.833341464398385,0.832268137023558,0.690937668427289,0.819839803517536,0.834110065052985,0.697450028503479
"7","DPE",0.82729,0.648346403773633,0.648016047751512,0.463719474025273,0.340079372932112,0.7576,0.387830476533153
"8","DPS*DPE",0.798678087456146,0.540835357821434,0.539847227552176,0.320904602264661,0.279828733628049,0.631921785284141,0.27047621000448
