"","","Mean","SD","CV",".0275","Median",".0975"
"1","Recruits Per Spawner (R/S)",0.810998975412169,0.422503116993087,NA,0.248907389710617,0.727726642995455,1.82746922627712
"2","Geomean Spawners (NOR)",687.741587627967,437.183594969714,NA,23.5349628807018,640.998965597448,1661.92911822491
"3","QET Threshold -100 (Mean not median)",0.2278,0.419433847555544,1.84123725880397,0,0.2278,1
"4","SAR",0.0557734000649212,0.0142930058197749,0.256269221584799,0.0283320695468073,0.0558144230933354,0.0840994167036983
"5","First 5 Years Average Marine Survival",0.0293148497548333,0.00701721556492994,0.239374092776067,0.0184685715416667,0.0286475483333333,0.045084876625
"6","DPS",0.965214720124793,0.00793653362399132,0.0082225575910873,0.958640218698911,0.9654148937569,0.979057787608424
"7","DPE",0.82700627044923,0.00186475687989995,0.00225482798200189,0.827286797926193,0.82729,0.8278
"8","DPE*DPS",0.798237833430327,0.00671592686142191,0.00841344093221071,0.792547493749697,0.798678087456146,0.809963672871048
