"","","Mean","SD","CV",".0275","Median",".0975"
"1","Recruits Per Spawner (R/S)",2.59126537507223,2.00828691062402,0.775021705589704,0.590539939210137,2.04347697622571,8.39100523227327
"2","Geomean Spawners (NOR)",498.817140707959,492.213971326997,0.986762344670854,97.8137044442664,344.613702056674,1787.19628071217
"3","QET Threshold -100 (Mean not median)",0.69,0.462724663395106,0.670615454195806,0,0.69,1
"4","SAR",0.038995350450463,0.0062017367547607,0.159037851516143,0.0268679476280556,0.0391663762107637,0.0509201272147281
"5","Last 15 years Average Marine Survival",0.04154538592051,0.0202425912379278,0.48724041886766,0.0148498208620609,0.0373992407705348,0.0911978117559791
"6","First 5 Years Average Marine Survival",0.0438974204552467,0.0323652384119765,0.73729248954327,0.0100559964122246,0.0350662691985902,0.135224866034229
"7","DPS",0.764360703723322,0.0982118330083217,0.128488856805323,0.670820393249937,0.829342286709162,0.850710184970762
"8","DPE",0.614419796624101,0.106288807035172,0.172990531260827,0.643741814197207,0.652621387206862,0.673842225841803
"9","DPE*DPS",0.468005357504564,0.0965445823522813,0.206289481101378,0.45,0.528325560650192,0.562613916972845
