"","","Mean","SD","CV",".0275","Median",".0975"
"1","Recruits Per Spawner (R/S)",2.58621740120527,2.00487982162196,0.775217048917703,0.59032471988064,2.04346932006249,8.39530573663466
"2","Geomean Spawners (NOR)",497.139021804209,490.902342073899,0.987454857782686,97.312120094109,345.052446375153,1780.70575012407
"3","QET Threshold -100 (Mean not median)",0.691,0.462312375707954,0.669048300590383,0,0.691,1
"4","SAR",0.038995350450463,0.0062017367547607,0.159037851516143,0.0268679476280556,0.0391663762107637,0.0509201272147281
"5","Last 15 years Average Marine Survival",0.04154538592051,0.0202425912379278,0.48724041886766,0.0148498208620609,0.0373992407705348,0.0911978117559791
"6","First 5 Years Average Marine Survival",0.0438974204552467,0.0323652384119765,0.73729248954327,0.0100559964122246,0.0350662691985902,0.135224866034229
"7","DPS",0.763278772428508,0.0976844321097116,0.127980019408782,0.670820393249937,0.828086399370118,0.850710184970762
"8","DPE",0.613768316811303,0.106035417743578,0.172761308850971,0.643664143108818,0.65243800686122,0.674193277799857
"9","DPE*DPS",0.466776751784002,0.0957521864835148,0.205134866116519,0.45,0.517148052269889,0.559227712279305
