"","","Mean","SD","CV",".0275","Median",".0975"
"1","Recruits Per Spawner (R/S)",0.392666427120949,0.206155501444818,NA,0.118738324458501,0.351845080802064,0.891460637363957
"2","Geomean Spawners (NOR)",196.244968072599,154.141787780798,NA,3.97899061641447,164.827359838965,577.711660333599
"3","QET Threshold -100 (Mean not median)",0.4603,0.498446341019259,1.08287278083697,0,0.4603,1
"4","SAR",0.0557734000649212,0.0142930058197749,0.256269221584799,0.0283320695468073,0.0558144230933354,0.0840994167036983
"5","First 5 Years Average Marine Survival",0.0293148497548333,0.00701721556492994,0.239374092776067,0.0184685715416667,0.0286475483333333,0.045084876625
"6","DPS",0.691290773424464,0.0066548842955096,0.00962675121865599,0.686511700120549,0.690935284922565,0.70513397000506
"7","DPE",0.466860585841688,0.0111268915967228,0.0238334353641408,0.460217473635481,0.463714699243397,0.491609737503674
"8","DPE*DPS",0.322737147060282,0.00834900698342799,0.0258693709710105,0.317555891303406,0.320881634741703,0.341714978585938
