"","","Mean","SD","CV",".0275","Median",".0975"
"1","Recruits Per Spawner (R/S)",0.336841162528265,0.176523977318272,NA,0.101567557403713,0.302334053177973,0.762975680082079
"2","Geomean Spawners (NOR)",148.187598877039,127.466390851847,NA,2.21486389976748,116.89115001606,472.28085663155
"3","QET Threshold -100 (Mean not median)",0.5634,0.495988951997976,0.880349577561192,0,0.5634,1
"4","SAR",0.0557734000649212,0.0142930058197749,0.256269221584799,0.0283320695468073,0.0558144230933354,0.0840994167036983
"5","First 5 Years Average Marine Survival",0.0293148497548333,0.00701721556492994,0.239374092776067,0.0184685715416667,0.0286475483333333,0.045084876625
"6","DPS",0.813678589339004,0.0172624802130788,0.0212153551036682,0.80092247258742,0.819862963552539,0.834471618006798
"7","DPE",0.337472655632402,0.0355901372704209,0.105460803050035,0.311624129862575,0.340014276723066,0.39681526666232
"8","DPE*DPS",0.274264457910645,0.0261605518094216,0.0953844038294773,0.255732198353457,0.279763713797264,0.310377649041797
