"","","Mean","SD","CV",".0275","Median",".0975"
"1","Recruits Per Spawner (R/S)",0.340066049934285,0.177739035150432,NA,0.101751148993521,0.305880053530755,0.76985388115077
"2","Geomean Spawners (NOR)",84.7344568291923,86.5708055918507,NA,0.706302725406035,62.4663192795231,293.412171198768
"3","QET Threshold -100 (Mean not median)",0.7854,0.410565093949348,0.522746490895528,0,0.7854,1
"4","SAR",0.0516420370971492,0.0132342646479397,0.256269221584799,0.0262333977285252,0.0516800213827179,0.0778698302812022
"5","First 5 Years Average Marine Survival",0.0293148497548333,0.00701721556492994,0.239374092776067,0.0184685715416667,0.0286475483333333,0.045084876625
"6","DPS",0.697923096810404,0.00497894092424652,0.00713393917897388,0.694026920788193,0.697450028503479,0.708841892013963
"7","DPE",0.387851501159568,0.000778410856765603,0.00200698167839591,0.387561342911754,0.387830476533153,0.388785463849507
"8","DPE*DPS",0.270690918653326,0.00206070106787093,0.00761274548153598,0.269244082283528,0.27047621000448,0.27554476561495
